SubID,Accurate,SetSize,Change
14,1,3,1
14,1,8,0
14,1,4,1
14,1,2,1
14,1,4,1
14,1,3,0
14,1,8,0
14,1,2,1
14,1,2,1
14,1,3,1
14,1,2,0
14,1,6,0
14,1,8,0
14,1,2,0
14,1,8,1
14,1,8,1
14,1,6,1
14,1,6,0
14,1,3,1
14,1,4,0
14,1,4,0
14,1,6,1
14,1,4,0
14,1,6,1
14,0,6,0
14,1,8,1
14,1,4,1
14,1,3,0
14,1,3,0
14,1,2,0
14,1,4,1
14,1,4,0
14,1,2,1
14,1,3,1
14,1,3,1
14,1,6,1
14,1,3,0
14,1,8,0
14,1,8,0
14,1,6,0
14,1,6,0
14,1,2,0
14,1,8,1
14,1,4,1
14,1,2,0
14,1,8,1
14,1,2,1
14,1,6,1
14,1,8,1
14,1,4,1
14,1,3,0
14,1,3,1
14,1,3,0
14,1,4,0
14,1,2,1
14,1,6,0
14,0,8,0
14,1,4,0
14,1,2,0
14,1,6,1
15,1,3,0
15,1,2,0
15,1,2,0
15,1,4,0
15,1,3,0
15,1,6,1
15,1,6,0
15,1,6,1
15,1,8,1
15,1,8,1
15,1,3,1
15,1,4,1
15,1,3,0
15,1,2,1
15,1,2,1
15,1,8,0
15,1,6,0
15,1,2,0
15,0,8,0
15,1,3,1
15,1,4,1
15,1,2,1
15,0,4,0
15,1,6,0
15,0,8,0
15,1,8,1
15,0,6,1
15,1,4,1
15,1,3,1
15,1,4,0
15,1,6,1
15,1,3,0
15,1,4,1
15,1,4,1
15,1,3,1
15,1,3,0
15,1,2,1
15,1,2,1
15,0,4,0
15,0,8,0
15,1,8,1
15,1,6,1
15,1,6,0
15,1,8,1
15,0,2,1
15,1,4,1
15,1,6,0
15,1,3,0
15,1,8,0
15,1,4,0
15,1,2,0
15,0,8,0
15,0,6,1
15,1,3,1
15,1,3,1
15,1,6,0
15,1,8,1
15,1,4,0
15,1,2,0
15,1,2,0
16,1,6,1
16,1,3,1
16,1,8,1
16,1,2,0
16,1,2,1
16,1,4,0
16,1,6,0
16,1,2,1
16,1,3,0
16,1,8,1
16,1,2,0
16,1,2,1
16,1,4,1
16,1,6,1
16,1,3,0
16,1,6,0
16,1,4,1
16,1,6,0
16,1,2,0
16,1,4,1
16,1,3,0
16,1,8,0
16,1,8,1
16,1,6,1
16,1,4,0
16,1,3,1
16,1,3,1
16,1,8,0
16,0,8,0
16,0,4,0
16,1,4,1
16,1,6,0
16,1,8,0
16,1,2,0
16,1,3,0
16,1,8,1
16,1,8,1
16,1,8,0
16,1,3,0
16,1,4,1
16,1,6,1
16,1,2,0
16,1,6,1
16,1,2,1
16,1,3,0
16,1,3,1
16,0,6,0
16,1,4,0
16,1,4,1
16,1,4,0
16,1,8,1
16,1,2,0
16,0,8,0
16,1,6,1
16,1,3,1
16,1,2,1
16,1,2,1
16,1,3,1
16,1,6,0
16,0,4,0
18,1,2,1
18,1,8,0
18,1,8,0
18,1,4,0
18,1,6,1
18,1,6,1
18,0,8,1
18,1,8,1
18,1,3,1
18,1,6,0
18,1,3,1
18,1,3,0
18,1,3,1
18,1,4,1
18,1,3,0
18,0,8,0
18,1,4,1
18,1,2,0
18,1,6,0
18,1,2,1
18,1,6,1
18,1,2,0
18,1,8,1
18,1,6,0
18,1,2,1
18,1,3,0
18,1,2,0
18,1,4,1
18,1,4,0
18,1,4,0
18,1,3,0
18,0,8,0
18,1,3,1
18,1,2,1
18,1,2,1
18,1,4,1
18,0,8,0
18,1,4,1
18,1,3,0
18,1,2,0
18,1,3,1
18,0,6,0
18,1,2,1
18,1,4,0
18,1,8,1
18,1,4,0
18,1,3,0
18,1,4,0
18,0,6,1
18,1,6,1
18,1,2,0
18,1,2,0
18,1,8,1
18,0,8,1
18,1,8,0
18,1,4,1
18,1,6,0
18,1,3,1
18,0,6,1
18,1,6,0
19,1,6,1
19,1,4,1
19,1,4,0
19,0,8,1
19,1,8,0
19,1,4,1
19,1,3,1
19,1,2,0
19,1,2,0
19,1,3,1
19,0,6,1
19,1,4,0
19,1,6,1
19,1,6,0
19,1,2,1
19,1,8,0
19,0,8,0
19,0,2,1
19,1,6,0
19,1,3,1
19,1,2,1
19,1,3,0
19,1,8,1
19,1,6,0
19,1,3,0
19,1,8,1
19,1,4,0
19,1,2,0
19,1,4,1
19,1,3,0
19,1,8,0
19,1,2,0
19,1,2,0
19,1,6,1
19,1,4,0
19,1,3,1
19,1,4,1
19,1,2,1
19,1,4,0
19,1,3,0
19,1,4,1
19,1,6,0
19,1,6,1
19,1,2,1
19,1,3,0
19,1,2,1
19,1,6,1
19,1,8,1
19,1,4,1
19,1,3,1
19,1,2,0
19,1,3,1
19,1,6,0
19,0,3,0
19,1,4,0
19,1,6,0
19,1,8,1
19,0,8,0
19,1,8,0
19,0,8,1
20,1,4,1
20,1,3,0
20,1,6,0
20,0,3,1
20,1,8,1
20,1,2,0
20,1,8,0
20,1,2,1
20,1,4,1
20,1,3,1
20,1,2,0
20,0,8,0
20,1,4,1
20,0,8,0
20,1,3,1
20,1,6,1
20,0,4,0
20,0,8,1
20,0,4,0
20,1,6,1
20,0,6,0
20,1,2,1
20,1,2,0
20,1,2,1
20,1,4,0
20,1,8,1
20,0,6,1
20,0,3,0
20,0,6,0
20,1,3,0
20,1,2,1
20,1,4,1
20,1,3,0
20,1,3,1
20,1,2,0
20,1,8,1
20,1,3,0
20,0,8,0
20,1,2,1
20,0,6,0
20,1,6,1
20,1,3,1
20,1,2,0
20,1,4,1
20,0,8,0
20,1,6,1
20,1,8,1
20,0,6,1
20,1,4,1
20,0,6,0
20,1,8,1
20,1,4,0
20,1,3,0
20,1,2,0
20,1,4,0
20,1,4,0
20,1,2,1
20,0,6,0
20,1,3,1
20,0,8,0
21,0,8,1
21,1,3,0
21,1,2,1
21,0,6,0
21,1,2,0
21,1,8,1
21,1,4,0
21,1,8,1
21,1,3,0
21,1,4,1
21,1,3,1
21,1,6,1
21,0,8,0
21,0,8,0
21,1,3,0
21,0,6,1
21,1,6,1
21,0,8,0
21,1,2,1
21,1,4,0
21,1,4,1
21,1,2,0
21,1,4,0
21,1,6,0
21,1,3,1
21,0,6,0
21,1,2,1
21,1,4,1
21,1,3,1
21,1,2,0
21,1,4,1
21,1,2,0
21,1,3,1
21,1,3,0
21,1,2,1
21,0,8,0
21,1,4,0
21,1,2,1
21,1,4,1
21,0,3,0
21,1,6,0
21,1,3,1
21,1,6,0
21,1,6,1
21,1,4,1
21,0,8,0
21,1,6,0
21,1,2,1
21,1,6,1
21,1,8,1
21,1,3,0
21,1,3,1
21,1,2,0
21,0,4,0
21,0,8,0
21,0,4,0
21,1,8,1
21,0,8,1
21,0,6,1
21,1,2,0
22,1,2,1
22,1,4,1
22,1,8,1
22,0,3,0
22,1,4,0
22,1,4,0
22,1,6,1
22,0,8,0
22,1,6,1
22,1,2,1
22,1,6,0
22,1,2,0
22,1,3,0
22,1,8,1
22,0,4,1
22,0,8,1
22,0,6,0
22,1,3,1
22,1,3,0
22,1,4,1
22,1,2,1
22,1,6,0
22,1,2,0
22,1,3,1
22,1,6,1
22,1,2,0
22,0,8,0
22,1,8,0
22,1,3,1
22,1,4,0
22,1,6,0
22,1,8,1
22,1,6,1
22,0,6,0
22,1,6,0
22,1,2,0
22,0,6,1
22,1,4,1
22,1,3,1
22,1,2,1
22,1,2,1
22,0,3,1
22,1,2,1
22,1,4,0
22,1,8,0
22,1,6,1
22,1,2,0
22,0,4,0
22,0,3,0
22,1,4,1
22,0,2,0
22,1,4,0
22,1,4,1
22,1,8,0
22,1,3,0
22,0,8,1
22,1,3,1
22,1,3,0
22,1,8,1
22,1,8,0
23,1,2,0
23,1,6,1
23,1,2,0
23,1,8,1
23,1,3,0
23,0,4,0
23,1,6,1
23,1,2,0
23,0,6,0
23,1,2,1
23,0,8,0
23,1,3,1
23,0,6,0
23,0,4,0
23,1,8,0
23,0,8,0
23,1,3,1
23,1,6,1
23,1,8,1
23,1,4,1
23,1,3,0
23,1,2,1
23,1,4,1
23,0,4,0
23,1,4,1
23,1,2,1
23,0,6,0
23,1,3,1
23,1,3,0
23,1,8,1
23,1,2,1
23,1,6,0
23,1,3,1
23,1,3,0
23,1,6,1
23,1,2,1
23,1,2,0
23,1,2,0
23,1,4,1
23,1,8,1
23,1,3,0
23,0,4,0
23,0,3,0
23,1,2,0
23,1,4,0
23,1,4,0
23,0,6,0
23,1,6,1
23,1,8,1
23,0,8,0
23,1,6,0
23,1,2,1
23,0,8,0
23,0,3,1
23,1,6,1
23,0,8,0
23,1,8,1
23,1,3,1
23,1,4,1
23,1,4,1
24,1,4,1
24,1,3,0
24,0,6,0
24,1,2,1
24,1,8,0
24,1,6,1
24,1,3,0
24,1,6,1
24,1,4,1
24,1,2,1
24,0,8,1
24,1,4,1
24,0,8,0
24,0,4,0
24,1,3,0
24,1,3,1
24,1,8,1
24,1,6,0
24,0,4,0
24,1,4,0
24,0,8,0
24,0,6,0
24,1,3,1
24,1,3,1
24,1,6,1
24,0,8,1
24,1,2,1
24,1,2,0
24,1,2,0
24,1,2,0
24,1,3,0
24,1,2,0
24,1,6,0
24,1,4,1
24,1,8,1
24,1,8,0
24,1,2,1
24,1,6,1
24,1,4,0
24,1,2,1
24,0,3,0
24,1,6,1
24,0,6,0
24,1,6,0
24,0,8,0
24,0,2,0
24,1,8,1
24,0,8,1
24,1,6,1
24,1,3,1
24,1,8,0
24,1,3,1
24,0,4,0
24,1,4,1
24,1,3,1
24,1,2,0
24,1,3,0
24,0,4,0
24,1,4,1
24,1,2,1
25,0,6,1
25,1,2,1
25,0,2,0
25,1,4,1
25,1,4,0
25,1,3,0
25,1,4,0
25,1,8,0
25,1,2,0
25,1,6,1
25,1,3,1
25,1,8,1
25,1,2,1
25,0,4,1
25,1,3,0
25,0,6,0
25,1,3,1
25,0,8,1
25,1,4,1
25,1,2,1
25,1,4,0
25,1,2,0
25,0,6,0
25,1,6,1
25,1,3,1
25,1,6,0
25,1,3,0
25,1,8,1
25,0,8,0
25,1,8,0
25,0,3,0
25,1,3,1
25,0,6,1
25,0,3,0
25,1,2,1
25,0,8,0
25,1,4,0
25,1,2,0
25,0,6,1
25,1,4,0
25,1,4,0
25,1,8,0
25,1,6,0
25,1,3,0
25,1,6,0
25,0,6,0
25,1,8,1
25,1,8,1
25,1,4,1
25,1,2,1
25,1,8,0
25,1,2,0
25,1,3,1
25,1,2,0
25,1,4,1
25,1,6,1
25,1,2,1
25,1,3,1
25,1,4,1
25,1,8,1
101,1,2,1
101,1,2,1
101,1,2,0
101,1,6,0
101,0,8,1
101,1,4,1
101,1,6,1
101,1,3,1
101,1,3,0
101,1,8,0
101,1,8,1
101,1,8,0
101,1,6,0
101,1,4,0
101,1,6,1
101,1,6,1
101,1,4,1
101,0,8,1
101,1,4,0
101,1,3,0
101,1,4,0
101,1,3,1
101,1,2,1
101,1,4,1
101,0,6,0
101,1,8,0
101,1,2,0
101,1,3,1
101,1,2,0
101,1,3,0
101,1,6,1
101,1,4,0
101,1,3,1
101,1,2,1
101,1,2,1
101,1,8,1
101,1,4,0
101,1,6,1
101,1,4,0
101,1,2,1
101,0,6,0
101,1,8,0
101,1,6,1
101,1,2,0
101,1,3,1
101,1,3,0
101,0,8,0
101,1,2,0
101,1,2,0
101,1,3,1
101,1,3,0
101,1,8,1
101,1,4,1
101,1,4,1
101,1,8,0
101,1,4,1
101,1,3,0
101,0,6,0
101,1,6,0
101,1,8,1
102,1,4,0
102,1,2,0
102,0,2,1
102,1,2,0
102,0,4,0
102,1,3,1
102,0,8,0
102,1,2,1
102,1,8,1
102,1,4,0
102,0,3,0
102,1,4,1
102,0,6,0
102,1,8,1
102,1,6,0
102,1,6,1
102,1,6,0
102,1,8,1
102,1,3,1
102,1,4,1
102,0,8,0
102,0,8,0
102,1,3,0
102,1,3,1
102,1,4,1
102,1,2,1
102,1,6,1
102,1,3,0
102,1,6,1
102,1,2,0
102,0,8,0
102,1,8,1
102,1,4,0
102,1,3,1
102,1,3,0
102,1,2,0
102,1,2,1
102,0,8,0
102,1,4,0
102,1,3,0
102,0,8,0
102,1,6,1
102,1,3,1
102,0,6,0
102,1,4,1
102,1,2,0
102,1,8,1
102,1,4,1
102,1,4,0
102,1,6,1
102,1,2,1
102,1,2,1
102,1,6,1
102,0,6,0
102,1,2,0
102,0,6,0
102,1,3,1
102,1,8,1
102,1,4,1
102,1,3,0
103,1,3,1
103,1,3,0
103,1,6,0
103,1,3,1
103,1,6,1
103,1,4,1
103,1,3,1
103,1,2,0
103,1,8,1
103,1,8,1
103,1,2,1
103,1,2,0
103,0,8,1
103,0,6,0
103,0,6,1
103,1,2,0
103,1,4,0
103,1,3,0
103,1,6,0
103,0,2,1
103,1,8,0
103,1,4,0
103,0,8,0
103,1,4,1
103,1,4,0
103,0,8,0
103,1,3,0
103,0,6,1
103,1,2,1
103,1,4,1
103,0,8,1
103,1,3,0
103,1,3,0
103,1,3,1
103,1,6,1
103,0,6,1
103,1,8,0
103,0,6,0
103,1,4,0
103,1,2,1
103,0,8,0
103,1,2,1
103,1,8,1
103,1,8,0
103,1,4,1
103,1,4,0
103,1,3,1
103,1,6,1
103,1,2,0
103,1,3,0
103,0,6,0
103,1,3,1
103,1,4,1
103,0,8,1
103,1,4,0
103,1,2,0
103,0,6,0
103,1,2,1
103,1,4,1
103,1,2,0
104,1,8,0
104,0,8,0
104,0,2,0
104,0,8,1
104,0,6,1
104,0,6,0
104,0,8,1
104,0,4,0
104,0,2,1
104,0,6,1
104,0,2,1
104,0,2,0
104,0,6,1
104,0,4,1
104,0,3,1
104,0,3,0
104,0,3,1
104,0,4,0
104,1,3,0
104,0,4,0
104,0,6,0
104,0,3,1
104,0,6,0
104,0,8,1
104,0,4,1
104,0,2,1
104,1,3,0
104,0,8,0
104,0,4,1
104,0,2,0
104,0,4,0
104,0,3,0
104,0,4,1
104,0,4,1
104,0,8,0
104,0,2,1
104,1,3,1
104,0,2,1
104,0,6,1
104,0,6,1
104,1,3,0
104,1,8,0
104,1,8,1
104,0,2,0
104,0,2,1
104,1,6,0
104,0,3,1
104,0,6,1
104,1,6,0
104,0,8,1
104,0,4,0
104,0,8,1
104,0,2,0
104,0,2,0
104,0,6,0
104,0,3,1
104,1,3,0
104,1,4,1
104,1,8,0
104,1,4,0
105,1,4,0
105,1,6,0
105,1,3,1
105,1,3,0
105,0,8,0
105,1,3,1
105,1,8,1
105,1,2,1
105,1,4,1
105,1,4,1
105,1,2,0
105,1,6,1
105,1,2,0
105,1,6,1
105,1,6,1
105,1,8,0
105,1,2,0
105,1,2,1
105,0,8,0
105,1,6,0
105,1,2,1
105,1,8,1
105,1,3,0
105,1,3,1
105,0,6,0
105,1,4,0
105,1,3,0
105,1,4,0
105,1,4,1
105,1,8,1
105,1,3,1
105,0,4,1
105,1,3,1
105,0,8,0
105,1,3,1
105,1,3,0
105,1,2,0
105,1,3,0
105,1,2,1
105,1,4,0
105,0,6,0
105,1,8,0
105,1,6,1
105,0,8,0
105,0,6,1
105,1,6,0
105,1,4,1
105,0,3,0
105,1,6,1
105,1,6,0
105,1,4,1
105,1,8,1
105,1,2,0
105,1,4,0
105,1,2,0
105,0,8,1
105,1,8,1
105,1,2,1
105,1,2,1
105,1,4,0
106,1,4,1
106,1,6,1
106,1,4,1
106,1,3,0
106,1,4,0
106,1,2,0
106,1,3,0
106,1,2,1
106,1,8,1
106,1,2,0
106,1,3,1
106,1,2,0
106,1,3,1
106,1,6,1
106,1,6,0
106,0,6,0
106,1,6,0
106,0,2,1
106,0,8,0
106,0,8,0
106,1,4,0
106,1,4,0
106,1,8,1
106,1,3,1
106,1,2,1
106,1,3,0
106,0,8,0
106,1,4,1
106,1,8,1
106,1,6,1
106,0,6,0
106,1,2,0
106,1,3,1
106,1,8,1
106,1,4,1
106,1,3,1
106,1,4,1
106,0,8,0
106,1,4,0
106,1,4,0
106,1,6,1
106,1,8,1
106,0,4,1
106,1,2,1
106,1,6,1
106,0,6,0
106,0,4,0
106,1,6,1
106,1,3,0
106,1,3,0
106,1,8,0
106,1,3,1
106,0,6,0
106,1,2,1
106,1,2,0
106,1,8,1
106,1,2,1
106,1,3,0
106,1,8,0
106,1,2,0
107,1,4,1
107,1,3,0
107,1,4,1
107,1,4,0
107,1,6,1
107,1,4,0
107,0,8,0
107,1,3,1
107,0,8,1
107,1,3,0
107,1,6,0
107,1,2,0
107,1,2,1
107,1,3,0
107,1,4,0
107,1,3,1
107,1,2,0
107,1,4,1
107,1,2,1
107,1,2,1
107,1,6,1
107,1,2,0
107,1,8,0
107,1,6,0
107,1,6,1
107,1,8,1
107,1,8,1
107,1,3,1
107,0,8,0
107,1,6,0
107,1,3,1
107,0,2,0
107,1,6,0
107,1,6,0
107,1,2,0
107,1,4,0
107,1,8,1
107,1,4,0
107,1,3,0
107,1,8,1
107,1,2,1
107,1,2,0
107,1,2,1
107,0,8,0
107,1,3,1
107,1,8,1
107,1,2,1
107,1,3,0
107,0,6,1
107,1,4,0
107,1,3,0
107,1,6,1
107,1,3,1
107,1,4,1
107,1,6,0
107,0,8,0
107,1,4,1
107,1,4,1
107,1,6,1
107,1,8,0
109,1,4,0
109,1,3,0
109,1,6,0
109,1,3,1
109,1,8,1
109,1,4,0
109,1,6,1
109,1,2,0
109,0,8,0
109,1,3,0
109,0,2,1
109,1,6,1
109,0,8,0
109,1,4,0
109,0,6,0
109,1,3,1
109,1,2,1
109,1,2,0
109,0,8,0
109,1,6,1
109,1,2,1
109,0,6,0
109,1,4,1
109,1,4,1
109,1,3,0
109,1,3,1
109,1,8,1
109,1,2,0
109,1,4,1
109,1,8,1
109,0,8,0
109,1,6,1
109,1,8,1
109,0,6,0
109,1,2,1
109,1,4,1
109,0,6,1
109,1,6,1
109,0,3,0
109,1,3,0
109,1,4,0
109,0,4,0
109,1,8,1
109,1,4,0
109,1,2,0
109,1,6,0
109,1,6,0
109,1,3,1
109,1,2,0
109,1,2,1
109,1,4,1
109,1,2,1
109,1,8,1
109,1,3,1
109,1,4,1
109,0,3,0
109,1,3,1
109,0,8,0
109,1,8,0
109,1,2,0
110,1,6,1
110,0,2,0
110,1,2,1
110,0,3,0
110,1,3,1
110,1,4,1
110,1,8,1
110,0,4,0
110,1,3,1
110,1,6,0
110,1,4,1
110,0,6,0
110,1,3,0
110,0,4,0
110,0,8,1
110,1,2,0
110,1,3,0
110,1,6,1
110,1,3,1
110,1,6,1
110,1,8,0
110,1,2,1
110,1,4,1
110,1,2,0
110,0,6,0
110,1,4,0
110,1,8,1
110,1,2,1
110,0,8,0
110,1,8,0
110,1,3,0
110,1,3,1
110,1,6,1
110,1,6,1
110,1,8,1
110,1,6,0
110,1,3,0
110,0,2,0
110,1,2,1
110,1,2,0
110,0,6,0
110,0,6,1
110,1,2,0
110,0,8,0
110,1,3,1
110,0,8,0
110,1,4,1
110,1,4,0
110,1,4,0
110,1,4,0
110,1,6,0
110,1,8,1
110,1,2,1
110,0,3,0
110,1,3,1
110,1,2,1
110,1,8,1
110,0,8,0
110,1,4,1
110,1,4,1
111,1,3,1
111,1,4,0
111,1,4,0
111,1,2,0
111,1,8,1
111,1,2,0
111,1,4,1
111,1,8,0
111,1,4,1
111,1,2,1
111,1,8,1
111,0,8,0
111,1,2,1
111,1,6,1
111,1,3,0
111,1,3,0
111,1,6,1
111,1,6,0
111,1,6,1
111,1,3,1
111,1,2,0
111,1,4,0
111,1,8,0
111,1,3,0
111,1,6,0
111,1,4,1
111,1,2,1
111,1,8,1
111,0,6,0
111,1,3,1
111,1,2,1
111,1,4,0
111,1,8,1
111,1,2,1
111,1,2,0
111,1,4,0
111,1,4,1
111,1,4,1
111,1,6,0
111,1,2,1
111,0,8,0
111,1,8,0
111,1,3,0
111,1,2,0
111,1,6,0
111,1,3,1
111,1,6,1
111,1,3,1
111,1,2,0
111,0,6,1
111,1,8,0
111,1,4,1
111,1,3,0
111,1,8,1
111,1,6,1
111,1,3,1
111,1,4,0
111,0,6,0
111,1,3,0
111,1,8,1
112,1,8,0
112,1,8,1
112,0,6,0
112,1,4,0
112,1,4,1
112,1,8,0
112,1,2,1
112,1,3,0
112,1,4,0
112,1,3,1
112,1,4,0
112,1,3,1
112,1,2,0
112,1,2,1
112,1,8,0
112,1,3,1
112,0,6,0
112,1,2,0
112,1,2,1
112,1,6,1
112,1,6,1
112,1,8,1
112,1,8,1
112,1,6,0
112,1,4,1
112,1,4,1
112,1,3,0
112,1,6,1
112,0,3,0
112,1,2,0
112,1,8,0
112,1,3,0
112,0,6,0
112,0,8,0
112,0,6,0
112,0,8,1
112,1,3,0
112,1,6,1
112,0,2,0
112,1,2,0
112,1,3,1
112,1,4,0
112,1,8,0
112,1,4,0
112,1,3,1
112,1,4,1
112,1,6,1
112,1,2,1
112,1,2,0
112,1,3,0
112,0,6,0
112,1,3,1
112,1,2,1
112,1,4,1
112,1,2,1
112,0,6,1
112,1,8,1
112,1,8,1
112,1,4,1
112,1,4,0
113,1,2,0
113,0,8,0
113,0,4,0
113,1,3,1
113,0,8,0
113,0,4,1
113,1,3,0
113,1,4,1
113,1,6,1
113,1,8,1
113,1,3,1
113,1,4,0
113,1,3,1
113,1,8,1
113,1,3,0
113,1,6,0
113,1,2,0
113,1,8,0
113,1,2,1
113,0,6,0
113,1,8,1
113,1,6,1
113,1,6,1
113,1,4,1
113,1,4,0
113,1,2,1
113,1,3,0
113,1,2,1
113,1,2,0
113,0,6,0
113,0,8,0
113,1,3,1
113,1,4,1
113,0,4,0
113,1,2,1
113,1,2,0
113,1,2,1
113,1,2,0
113,1,6,1
113,0,3,0
113,0,2,0
113,1,8,1
113,1,8,1
113,1,6,1
113,1,3,1
113,1,6,0
113,1,8,1
113,0,6,0
113,1,4,1
113,0,4,0
113,0,4,1
113,1,4,0
113,0,6,0
113,1,2,1
113,0,3,0
113,1,8,0
113,1,6,1
113,0,8,0
113,1,3,0
113,1,3,1
114,1,6,1
114,1,6,0
114,1,8,1
114,1,4,0
114,1,4,0
114,1,2,0
114,1,3,0
114,0,8,0
114,0,3,1
114,1,3,0
114,1,4,0
114,1,3,0
114,1,6,0
114,1,3,1
114,1,8,1
114,1,2,0
114,1,8,1
114,1,6,0
114,1,4,1
114,1,2,1
114,1,2,1
114,0,8,0
114,1,3,1
114,1,6,1
114,1,4,1
114,1,2,0
114,1,2,1
114,1,6,1
114,1,4,1
114,1,8,0
114,1,8,1
114,1,6,0
114,1,6,1
114,1,8,0
114,0,6,0
114,1,8,1
114,1,3,1
114,1,2,1
114,1,4,0
114,1,3,0
114,1,4,1
114,1,3,1
114,1,2,0
114,1,2,0
114,1,4,0
114,1,8,0
114,1,8,1
114,0,6,1
114,1,3,0
114,1,6,0
114,1,3,0
114,1,4,1
114,1,2,1
114,1,4,0
114,1,3,1
114,1,6,1
114,1,2,0
114,1,8,0
114,0,4,1
114,1,2,1
115,1,3,1
115,1,3,0
115,1,2,1
115,0,8,0
115,0,8,0
115,1,3,0
115,1,2,0
115,1,3,0
115,1,8,1
115,1,2,1
115,1,2,1
115,1,3,1
115,1,4,0
115,1,4,1
115,1,8,1
115,1,8,1
115,1,3,1
115,1,4,1
115,0,6,0
115,1,4,0
115,1,6,1
115,1,6,0
115,1,4,1
115,1,2,0
115,0,6,1
115,1,2,0
115,1,6,0
115,1,8,0
115,1,6,1
115,1,4,0
115,1,2,0
115,1,3,1
115,1,3,0
115,1,2,1
115,1,2,0
115,1,3,0
115,1,8,0
115,1,3,0
115,1,8,1
115,1,2,1
115,1,4,0
115,1,4,0
115,1,6,1
115,1,6,1
115,1,2,1
115,1,4,1
115,1,8,1
115,1,6,1
115,1,8,0
115,1,8,0
115,1,4,0
115,0,8,1
115,0,6,0
115,1,2,0
115,1,4,1
115,1,6,0
115,1,3,1
115,1,6,0
115,1,3,1
115,0,4,1
116,1,2,0
116,1,8,1
116,1,6,0
116,1,3,1
116,1,2,1
116,1,4,1
116,1,3,0
116,1,6,1
116,1,3,1
116,1,2,0
116,0,8,0
116,1,4,0
116,1,6,0
116,1,2,0
116,1,6,1
116,1,3,1
116,1,4,1
116,1,8,1
116,1,8,1
116,0,6,0
116,0,8,0
116,1,2,1
116,1,6,1
116,1,4,0
116,1,3,0
116,1,2,1
116,0,4,0
116,0,3,0
116,1,8,0
116,1,4,1
116,1,2,0
116,0,8,0
116,1,6,0
116,0,8,0
116,1,4,1
116,1,2,1
116,1,8,0
116,1,6,1
116,0,4,0
116,1,4,0
116,0,4,1
116,0,4,0
116,1,2,1
116,0,6,1
116,1,2,0
116,0,6,0
116,1,8,1
116,1,3,0
116,1,3,0
116,1,3,1
116,0,6,0
116,1,3,1
116,1,8,1
116,1,2,1
116,1,6,1
116,1,8,1
116,1,3,1
116,1,2,0
116,1,3,0
116,1,4,1
117,1,4,1
117,1,4,1
117,1,8,0
117,1,8,1
117,1,3,0
117,0,4,0
117,0,4,0
117,1,3,1
117,1,2,0
117,1,3,0
117,1,3,1
117,1,3,0
117,0,6,0
117,0,6,0
117,0,6,0
117,1,6,1
117,1,3,1
117,1,2,1
117,1,2,1
117,1,6,1
117,0,4,0
117,1,2,1
117,1,8,1
117,1,8,1
117,1,8,0
117,1,2,0
117,1,2,0
117,1,4,1
117,1,6,1
117,0,8,0
117,1,3,0
117,1,6,0
117,0,8,0
117,1,8,1
117,0,8,0
117,1,3,0
117,1,6,1
117,1,2,1
117,1,6,0
117,1,3,1
117,1,6,1
117,1,4,0
117,1,4,1
117,1,4,1
117,1,2,0
117,1,2,0
117,1,3,1
117,1,4,0
117,1,6,1
117,1,3,0
117,1,8,1
117,1,2,1
117,1,8,1
117,1,4,1
117,1,4,0
117,1,8,0
117,0,6,0
117,1,2,0
117,1,2,1
117,1,3,1
52,1,4,1
52,1,1,1
52,0,6,0
52,1,3,1
52,1,2,1
52,1,1,0
52,1,6,1
52,1,3,0
52,1,4,0
52,1,1,1
52,1,4,1
52,1,2,0
52,1,2,0
52,1,4,0
52,1,6,0
52,1,1,0
52,0,3,1
52,1,2,0
52,1,6,0
52,1,4,1
52,1,3,1
52,0,6,1
52,1,1,1
52,1,2,1
52,1,3,0
52,1,2,1
52,1,1,0
52,1,4,0
52,1,6,1
52,1,3,0
52,1,4,1
52,1,1,1
52,1,3,0
52,1,6,1
52,1,2,0
52,0,6,0
52,1,2,0
52,1,4,0
52,1,4,0
52,1,4,1
52,1,1,1
52,1,1,1
52,1,2,1
52,0,4,0
52,1,2,0
52,1,3,0
52,1,2,1
52,1,6,0
52,1,1,0
52,1,6,0
52,1,6,1
52,1,3,1
52,1,3,1
52,1,4,1
52,1,3,1
52,1,1,0
52,1,2,1
52,1,1,0
52,1,6,1
52,0,3,0
55,1,2,1
55,1,4,1
55,0,6,0
55,1,3,1
55,1,1,1
55,1,1,1
55,1,3,0
55,,4,0
55,,1,0
55,,1,0
55,,4,0
55,,3,0
55,,1,1
55,,6,1
55,,2,0
55,,3,0
55,,2,1
55,,6,0
55,,6,0
55,,2,0
55,,3,1
55,,3,1
55,,2,1
55,,1,0
55,,4,1
55,,4,1
55,,6,1
55,,2,0
55,,6,1
55,,4,0
55,,,
55,,,
55,,,
55,,,
55,,,
55,,,
55,,,
55,,,
55,,,
55,,,
55,,,
55,,,
55,,,
55,,,
55,,,
55,,,
55,,,
55,,,
55,,,
55,,,
55,,,
55,,,
55,,,
55,,,
55,,,
55,,,
55,,,
55,,,
55,,,
55,,,
76,1,1,1
76,0,6,0
76,1,1,0
76,1,4,1
76,1,3,1
76,1,3,0
76,1,1,1
76,1,3,0
76,1,4,1
76,1,4,0
76,0,1,0
76,1,3,0
76,1,1,1
76,0,4,0
76,1,1,0
76,1,3,1
76,1,2,0
76,0,2,0
76,0,6,1
76,1,6,1
76,1,3,1
76,1,4,0
76,1,6,1
76,1,2,1
76,0,6,0
76,1,2,0
76,1,2,1
76,1,4,1
76,1,2,1
76,0,6,0
76,1,6,1
76,1,1,1
76,1,4,0
76,1,4,1
76,0,4,0
76,1,1,0
76,1,4,1
76,1,3,1
76,,2,1
76,,3,1
76,,1,0
76,,2,0
76,,4,0
76,,6,0
76,,4,1
76,,6,1
76,,2,0
76,,2,0
76,,1,1
76,,1,1
76,,6,1
76,,2,1
76,,3,0
76,,3,0
76,,6,0
76,,3,0
76,,6,0
76,,1,0
76,,3,1
76,,2,1
